month,group,total
2020-07,APD_HIGIENE,928054956.36
2020-07,BEDAH_OK,137871212.24
2020-07,DBD,28666860.0
2020-07,DIAGNOSTIK,24690909.091
2020-07,FARMASI,533991523.7
2020-07,IMUNISASI,159207491.0
2020-07,OBGYN,7200870.0
2020-07,OPERASIONAL_RS,81058747.3
2020-07,PANDEMI_COVID,429854540.0
2020-07,PERAWATAN_LUKA,9183418.182
2020-07,RESPIRATORIUM,133793032.02
2020-07,SPUIT_INJEKSI,111136438.47
2020-07,STERILISASI_CSSD,4430000.0
2020-07,UROLOGI,7906388.92
2020-08,APD_HIGIENE,594856357.3
2020-08,BEDAH_OK,121571657.32
2020-08,DBD,33337306.92
2020-08,DIAGNOSTIK,32581006.55
2020-08,FARMASI,71595311.5
2020-08,LABORATORIUM,132646000.0
2020-08,OPERASIONAL_RS,125808789.546
2020-08,PANDEMI_COVID,66909548.0
2020-08,PERAWATAN_LUKA,50200011.0
2020-08,RESPIRATORIUM,112732128.03999999
2020-08,SPUIT_INJEKSI,43515656.0
2020-08,STERILISASI_CSSD,1700000.0
2020-08,UROLOGI,12377000.0
2020-09,APD_HIGIENE,760587711.4
2020-09,BEDAH_OK,165280259.56
2020-09,DBD,57742161.9
2020-09,DIAGNOSTIK,73809136.462
2020-09,FARMASI,2844270.0
2020-09,IMUNISASI,2668273.0
2020-09,NEONATAL,8050000.0
2020-09,OBGYN,8026359.0
2020-09,OPERASIONAL_RS,149872282.182
2020-09,PANDEMI_COVID,312970836.0
2020-09,PERAWATAN_LUKA,43621730.0
2020-09,RESPIRATORIUM,59119009.56
2020-09,SPUIT_INJEKSI,69473764.0
2020-09,STERILISASI_CSSD,23010300.0
2020-09,UROLOGI,11102674.56
2020-10,APD_HIGIENE,1301547249.302
2020-10,BEDAH_OK,309665832.0
2020-10,CAPITAL_EQUIP,6649500.0
2020-10,DBD,185860299.43
2020-10,DIAGNOSTIK,75198000.0
2020-10,FARMASI,54888978.0
2020-10,OBGYN,21785295.0
2020-10,OPERASIONAL_RS,175814969.092
2020-10,PANDEMI_COVID,22283180.0
2020-10,PERAWATAN_LUKA,67802181.50999999
2020-10,RESPIRATORIUM,188727521.15
2020-10,SPUIT_INJEKSI,187266875.9
2020-10,STERILISASI_CSSD,17150000.0
2020-10,UROLOGI,66414880.0
2020-11,APD_HIGIENE,1464257674.184
2020-11,BEDAH_OK,317858094.636
2020-11,CAPITAL_EQUIP,1173250.0
2020-11,DBD,85846609.2
2020-11,DIAGNOSTIK,168428340.93199998
2020-11,FARMASI,41517711.644
2020-11,IMUNISASI,12319280.0
2020-11,OBGYN,26764502.0
2020-11,OPERASIONAL_RS,551851200.0
2020-11,PANDEMI_COVID,230361547.92000002
2020-11,PERAWATAN_LUKA,24021980.0
2020-11,RESPIRATORIUM,80492221.833
2020-11,SPUIT_INJEKSI,90478526.13
2020-11,STERILISASI_CSSD,2337500.0
2020-11,UROLOGI,3892818.19
2020-12,APD_HIGIENE,1471320432.384
2020-12,BEDAH_OK,120503621.92
2020-12,CAPITAL_EQUIP,1319000.0
2020-12,DBD,62711329.1
2020-12,DIAGNOSTIK,35073001.0
2020-12,FARMASI,33237070.0
2020-12,IMUNISASI,29094000.0
2020-12,OPERASIONAL_RS,280117002.206
2020-12,PANDEMI_COVID,1038814972.73
2020-12,PERAWATAN_LUKA,27160478.0
2020-12,RESPIRATORIUM,540349986.909
2020-12,SPUIT_INJEKSI,381427907.807
2020-12,STERILISASI_CSSD,950000.0
2020-12,UROLOGI,7175180.0
2021-01,APD_HIGIENE,322657322.2
2021-01,BEDAH_OK,195138458.64
2021-01,DBD,74687188.0
2021-01,DIAGNOSTIK,28180804.0
2021-01,FARMASI,29969314.0
2021-01,IMUNISASI,3602560.0
2021-01,OBGYN,7200870.0
2021-01,OPERASIONAL_RS,254969737.4
2021-01,PANDEMI_COVID,36145326.0
2021-01,PERAWATAN_LUKA,29616874.0
2021-01,RESPIRATORIUM,72395842.545
2021-01,SPUIT_INJEKSI,26088678.0
2021-01,STERILISASI_CSSD,16632716.0
2021-01,UROLOGI,20243208.0
2021-02,APD_HIGIENE,458241865.37
2021-02,BEDAH_OK,100080183.514
2021-02,CAPITAL_EQUIP,2754752.0
2021-02,DBD,42024502.0
2021-02,DIAGNOSTIK,8804091.0
2021-02,FARMASI,5345983.2
2021-02,IMUNISASI,6406620.0
2021-02,OBGYN,7200870.0
2021-02,OPERASIONAL_RS,130974093.0
2021-02,PANDEMI_COVID,55011310.0
2021-02,PERAWATAN_LUKA,12093964.0
2021-02,RESPIRATORIUM,213159373.48
2021-02,SPUIT_INJEKSI,54862178.58
2021-02,STERILISASI_CSSD,3580756.0
2021-02,UROLOGI,15440292.0
2021-03,APD_HIGIENE,532520066.367
2021-03,BEDAH_OK,248306171.30699998
2021-03,DBD,54801107.51
2021-03,DIAGNOSTIK,52251784.014
2021-03,FARMASI,42214608.3
2021-03,IMUNISASI,4761000.0
2021-03,NEONATAL,1808000.0
2021-03,OBGYN,39982342.0
2021-03,OPERASIONAL_RS,58247570.0
2021-03,PANDEMI_COVID,29066000.0
2021-03,PERAWATAN_LUKA,14284947.0
2021-03,RESPIRATORIUM,77552304.546
2021-03,SPUIT_INJEKSI,84803800.69500001
2021-03,STERILISASI_CSSD,720600.0
2021-03,UROLOGI,28496054.5
2021-04,APD_HIGIENE,799618658.896
2021-04,BEDAH_OK,225629892.065
2021-04,DBD,18175767.65
2021-04,DIAGNOSTIK,124615698.68
2021-04,FARMASI,27931560.91
2021-04,LABORATORIUM,16985000.0
2021-04,NEONATAL,975000.0
2021-04,OBGYN,8255022.0
2021-04,OPERASIONAL_RS,273638223.5
2021-04,PANDEMI_COVID,18121645.46
2021-04,PERAWATAN_LUKA,50017291.91
2021-04,RESPIRATORIUM,288641536.697
2021-04,SPUIT_INJEKSI,95225060.558
2021-04,STERILISASI_CSSD,8322863.5
2021-04,UROLOGI,29580340.0
2021-05,APD_HIGIENE,613245570.795
2021-05,BEDAH_OK,100598870.876
2021-05,CAPITAL_EQUIP,37416093.64
2021-05,DBD,42679703.4
2021-05,DIAGNOSTIK,21568996.36
2021-05,FARMASI,25481492.066
2021-05,IMUNISASI,1622400.0
2021-05,NEONATAL,650000.0
2021-05,OBGYN,4800580.0
2021-05,OPERASIONAL_RS,250254302.376
2021-05,PANDEMI_COVID,81904737.7
2021-05,PERAWATAN_LUKA,42037969.0
2021-05,RESPIRATORIUM,236303824.197
2021-05,SPUIT_INJEKSI,135160869.68
2021-05,STERILISASI_CSSD,6850200.0
2021-05,UROLOGI,17053420.0
2021-06,APD_HIGIENE,654886146.7590001
2021-06,BEDAH_OK,299550610.14100003
2021-06,CAPITAL_EQUIP,17091363.64
2021-06,DBD,150312089.55
2021-06,DIAGNOSTIK,174681608.359
2021-06,FARMASI,4076700.0
2021-06,IMUNISASI,4226178.0
2021-06,OBGYN,7200870.0
2021-06,OPERASIONAL_RS,197253613.29
2021-06,PANDEMI_COVID,309417433.455
2021-06,PERAWATAN_LUKA,126990404.215
2021-06,RESPIRATORIUM,204398785.58
2021-06,SPUIT_INJEKSI,411717690.37
2021-06,STERILISASI_CSSD,45357000.0
2021-06,UROLOGI,15725145.46
2021-07,APD_HIGIENE,840605709.004
2021-07,BEDAH_OK,199640641.312
2021-07,CAPITAL_EQUIP,7393181.821
2021-07,DBD,64817300.933
2021-07,DIAGNOSTIK,149878026.368
2021-07,FARMASI,13158650.14
2021-07,IMUNISASI,5989272.73
2021-07,LABORATORIUM,16368068.275
2021-07,NEONATAL,1252794.0
2021-07,OBGYN,13564250.0
2021-07,OPERASIONAL_RS,378326654.26
2021-07,PANDEMI_COVID,401848309.26
2021-07,PERAWATAN_LUKA,167026316.05
2021-07,RESPIRATORIUM,238957691.914
2021-07,SPUIT_INJEKSI,489144438.1750001
2021-07,STERILISASI_CSSD,25676545.82
2021-07,UROLOGI,74897806.0
2021-08,APD_HIGIENE,570278001.64
2021-08,BEDAH_OK,212326664.24
2021-08,CAPITAL_EQUIP,420000000.0
2021-08,DBD,97774333.28999999
2021-08,DIAGNOSTIK,26838191.0
2021-08,FARMASI,89151430.734
2021-08,LABORATORIUM,89046000.0
2021-08,NEONATAL,179379000.0
2021-08,OPERASIONAL_RS,319656145.9
2021-08,PANDEMI_COVID,1379967454.6
2021-08,PERAWATAN_LUKA,46274965.45
2021-08,RESPIRATORIUM,257306417.06
2021-08,SPUIT_INJEKSI,580433725.66
2021-08,STERILISASI_CSSD,620000.0
2021-08,UROLOGI,44314350.0
2021-09,APD_HIGIENE,663749302.18
2021-09,BEDAH_OK,155400332.419
2021-09,DBD,38285937.38
2021-09,DIAGNOSTIK,78668430.91
2021-09,FARMASI,37972000.0
2021-09,IMUNISASI,6190000.0
2021-09,LABORATORIUM,2216000.0
2021-09,OPERASIONAL_RS,148342942.57599998
2021-09,PANDEMI_COVID,339091048.11
2021-09,PERAWATAN_LUKA,145177767.756
2021-09,RESPIRATORIUM,221046507.05
2021-09,SPUIT_INJEKSI,225940940.83
2021-09,STERILISASI_CSSD,7725954.91
2021-09,UROLOGI,48888195.0
2021-10,APD_HIGIENE,567231700.0
2021-10,BEDAH_OK,160234787.86
2021-10,CAPITAL_EQUIP,16372000.0
2021-10,DBD,183186848.75
2021-10,DIAGNOSTIK,91827230.914
2021-10,FARMASI,74254450.0
2021-10,IMUNISASI,81760345.47
2021-10,NEONATAL,1220000.0
2021-10,OBGYN,10920000.0
2021-10,OPERASIONAL_RS,69166533.637
2021-10,PANDEMI_COVID,436367954.56
2021-10,PERAWATAN_LUKA,34837130.31
2021-10,RESPIRATORIUM,100126911.551
2021-10,SPUIT_INJEKSI,125579613.73
2021-10,STERILISASI_CSSD,11083020.0
2021-10,UROLOGI,25705400.0
2021-11,APD_HIGIENE,155012622.744
2021-11,BEDAH_OK,313393569.277
2021-11,DBD,116994529.99700001
2021-11,DIAGNOSTIK,101025200.36
2021-11,FARMASI,35252587.82
2021-11,IMUNISASI,76585918.63999999
2021-11,OBGYN,175419454.5
2021-11,OPERASIONAL_RS,193933098.0
2021-11,PANDEMI_COVID,59549645.46
2021-11,PERAWATAN_LUKA,13739475.46
2021-11,RESPIRATORIUM,157293025.0
2021-11,SPUIT_INJEKSI,248910601.577
2021-11,STERILISASI_CSSD,19140300.0
2021-11,UROLOGI,46730370.57
2021-12,APD_HIGIENE,83047015.0
2021-12,BEDAH_OK,160076995.0
2021-12,CAPITAL_EQUIP,800000.0
2021-12,DBD,80975022.73
2021-12,DIAGNOSTIK,116989536.18
2021-12,FARMASI,2261001.0
2021-12,IMUNISASI,2878400.0
2021-12,NEONATAL,3372600.0
2021-12,OBGYN,12528950.0
2021-12,OPERASIONAL_RS,77032055.19
2021-12,PANDEMI_COVID,8295545.455
2021-12,PERAWATAN_LUKA,47791876.3
2021-12,RESPIRATORIUM,163146626.202
2021-12,SPUIT_INJEKSI,80077465.695
2021-12,STERILISASI_CSSD,6205500.0
2021-12,UROLOGI,7157175.0
2022-01,APD_HIGIENE,46958300.0
2022-01,BEDAH_OK,193388211.646
2022-01,CAPITAL_EQUIP,4635000.0
2022-01,DBD,44255430.21
2022-01,DIAGNOSTIK,123565380.001
2022-01,FARMASI,75106307.832
2022-01,IMUNISASI,2832000.0
2022-01,NEONATAL,1050000.0
2022-01,OBGYN,2.0
2022-01,OPERASIONAL_RS,186683673.9
2022-01,PANDEMI_COVID,8866600.0
2022-01,PERAWATAN_LUKA,18176652.752
2022-01,RESPIRATORIUM,92174632.948
2022-01,SPUIT_INJEKSI,56443989.6
2022-01,STERILISASI_CSSD,21122000.0
2022-01,UROLOGI,28486504.0
2022-02,APD_HIGIENE,182980513.636
2022-02,BEDAH_OK,308583620.888
2022-02,CAPITAL_EQUIP,4115000.0
2022-02,DBD,30084995.47
2022-02,DIAGNOSTIK,51739000.0
2022-02,FARMASI,11808398.636
2022-02,IMUNISASI,1928792.0
2022-02,NEONATAL,3600000.0
2022-02,OBGYN,33962500.0
2022-02,OPERASIONAL_RS,19255527.273000002
2022-02,PANDEMI_COVID,14492619.0
2022-02,PERAWATAN_LUKA,63936780.03
2022-02,RESPIRATORIUM,231878329.775
2022-02,SPUIT_INJEKSI,65428573.379999995
2022-02,STERILISASI_CSSD,7122920.0
2022-02,UROLOGI,26803632.0
2022-03,APD_HIGIENE,69568410.0
2022-03,BEDAH_OK,255933892.472
2022-03,DBD,115445878.293
2022-03,DIAGNOSTIK,43520490.91
2022-03,FARMASI,32288800.0
2022-03,IMUNISASI,1234000.0
2022-03,NEONATAL,4090000.0
2022-03,OPERASIONAL_RS,84988288.182
2022-03,PANDEMI_COVID,5617027.8
2022-03,PERAWATAN_LUKA,56106498.22
2022-03,RESPIRATORIUM,63088888.818
2022-03,SPUIT_INJEKSI,73630133.36
2022-03,STERILISASI_CSSD,6930440.0
2022-03,UROLOGI,15620611.0
2022-04,APD_HIGIENE,176562862.288
2022-04,BEDAH_OK,177083524.296
2022-04,DBD,58766259.652
2022-04,DIAGNOSTIK,65858126.126
2022-04,OBGYN,2794400.0
2022-04,OPERASIONAL_RS,89933211.721
2022-04,PANDEMI_COVID,24814500.0
2022-04,PERAWATAN_LUKA,20072927.38
2022-04,RESPIRATORIUM,186579843.426
2022-04,SPUIT_INJEKSI,89834134.782
2022-04,STERILISASI_CSSD,11816500.0
2022-04,UROLOGI,39647482.883
2022-05,APD_HIGIENE,28964037.838
2022-05,BEDAH_OK,145678580.48
2022-05,CAPITAL_EQUIP,3020000.0
2022-05,DBD,104084847.038
2022-05,DIAGNOSTIK,54971801.909
2022-05,FARMASI,35029675.68
2022-05,IMUNISASI,1215000.0
2022-05,NEONATAL,20601000.0
2022-05,OPERASIONAL_RS,71946239.643
2022-05,PANDEMI_COVID,6211500.0
2022-05,PERAWATAN_LUKA,22980452.3
2022-05,RESPIRATORIUM,98502507.18
2022-05,SPUIT_INJEKSI,62687534.819
2022-05,STERILISASI_CSSD,29397030.0
2022-05,UROLOGI,15996925.261
2022-06,APD_HIGIENE,196062738.48
2022-06,BEDAH_OK,205239253.907
2022-06,CAPITAL_EQUIP,4040000.0
2022-06,DBD,183008976.03
2022-06,DIAGNOSTIK,28055218.847
2022-06,FARMASI,89465529.009
2022-06,IMUNISASI,147754832.0
2022-06,LABORATORIUM,11330000.0
2022-06,NEONATAL,678700.0
2022-06,OPERASIONAL_RS,142714096.0
2022-06,PANDEMI_COVID,12221500.0
2022-06,PERAWATAN_LUKA,60165382.714999996
2022-06,RESPIRATORIUM,110101221.563
2022-06,SPUIT_INJEKSI,517281892.94
2022-06,STERILISASI_CSSD,5728180.0
2022-06,UROLOGI,13442468.919
2022-07,APD_HIGIENE,165641572.8
2022-07,BEDAH_OK,194770888.523
2022-07,DBD,133052580.331
2022-07,DIAGNOSTIK,122513735.136
2022-07,FARMASI,107084413.514
2022-07,IMUNISASI,2275200.0
2022-07,LABORATORIUM,28136000.0
2022-07,NEONATAL,42180000.0
2022-07,OBGYN,11163000.0
2022-07,OPERASIONAL_RS,122771383.0
2022-07,PANDEMI_COVID,40118840.544
2022-07,PERAWATAN_LUKA,68027146.487
2022-07,RESPIRATORIUM,144915689.528
2022-07,SPUIT_INJEKSI,698705438.56
2022-07,STERILISASI_CSSD,26790000.0
2022-07,UROLOGI,25804178.0
2022-08,APD_HIGIENE,569458534.278
2022-08,BEDAH_OK,230321252.093
2022-08,DBD,306895449.116
2022-08,DIAGNOSTIK,48141223.694
2022-08,FARMASI,15954440.0
2022-08,IMUNISASI,5156756.757
2022-08,LABORATORIUM,6840000.0
2022-08,NEONATAL,2200000.0
2022-08,OBGYN,5506925.405
2022-08,OPERASIONAL_RS,99390187.84
2022-08,PANDEMI_COVID,17966524.395999998
2022-08,PERAWATAN_LUKA,134836426.803
2022-08,RESPIRATORIUM,156243014.977
2022-08,SPUIT_INJEKSI,181214879.59600002
2022-08,STERILISASI_CSSD,5692739.188999999
2022-08,UROLOGI,32879967.748
2022-09,APD_HIGIENE,144299048.286
2022-09,BEDAH_OK,303459514.358
2022-09,CAPITAL_EQUIP,16511400.0
2022-09,DBD,208947449.549
2022-09,DIAGNOSTIK,69582981.667
2022-09,FARMASI,83189436.937
2022-09,IMUNISASI,18307739.1
2022-09,LABORATORIUM,3492000.0
2022-09,NEONATAL,47975610.0
2022-09,OPERASIONAL_RS,68743172.57699999
2022-09,PANDEMI_COVID,28385159.457
2022-09,PERAWATAN_LUKA,95851796.801
2022-09,RESPIRATORIUM,248827139.827
2022-09,SPUIT_INJEKSI,183825294.598
2022-09,STERILISASI_CSSD,20767906.541
2022-09,UROLOGI,47831611.467
2022-10,APD_HIGIENE,188489659.10799998
2022-10,BEDAH_OK,417620991.445
2022-10,DBD,334615028.448
2022-10,DIAGNOSTIK,47273934.515
2022-10,FARMASI,13819600.0
2022-10,IMUNISASI,16906881.784
2022-10,LABORATORIUM,14392700.0
2022-10,OPERASIONAL_RS,90989961.704
2022-10,PANDEMI_COVID,15449826.292000001
2022-10,PERAWATAN_LUKA,225142718.244
2022-10,RESPIRATORIUM,149845459.0
2022-10,SPUIT_INJEKSI,120514583.721
2022-10,STERILISASI_CSSD,18502916.0
2022-10,UROLOGI,20416282.0
2022-11,APD_HIGIENE,336603453.11
2022-11,BEDAH_OK,357559783.03499997
2022-11,CAPITAL_EQUIP,2610000.0
2022-11,DBD,384946987.911
2022-11,DIAGNOSTIK,58215485.946
2022-11,FARMASI,122387020.0
2022-11,IMUNISASI,20800281.586
2022-11,LABORATORIUM,7372500.0
2022-11,NEONATAL,22578400.0
2022-11,OBGYN,12906400.0
2022-11,OPERASIONAL_RS,137673973.87
2022-11,PANDEMI_COVID,25351470.271
2022-11,PERAWATAN_LUKA,144936878.19799998
2022-11,RESPIRATORIUM,227351694.287
2022-11,SPUIT_INJEKSI,404815160.531
2022-11,STERILISASI_CSSD,39684727.026999995
2022-11,UROLOGI,46976675.855
2022-12,APD_HIGIENE,100883805.856
2022-12,BEDAH_OK,208162573.756
2022-12,CAPITAL_EQUIP,153135477.5
2022-12,DBD,117405413.991
2022-12,DIAGNOSTIK,66369901.261
2022-12,FARMASI,35369700.0
2022-12,IMUNISASI,52055281.08
2022-12,LABORATORIUM,1355000.0
2022-12,NEONATAL,7374850.0
2022-12,OPERASIONAL_RS,96560766.286
2022-12,PANDEMI_COVID,6557500.0
2022-12,PERAWATAN_LUKA,65511284.776
2022-12,RESPIRATORIUM,123935759.708
2022-12,SPUIT_INJEKSI,65204443.287999995
2022-12,STERILISASI_CSSD,80833080.0
2022-12,UROLOGI,37913065.767
2023-01,APD_HIGIENE,94560544.072
2023-01,BEDAH_OK,317580816.292
2023-01,CAPITAL_EQUIP,13000000.0
2023-01,DBD,192418820.725
2023-01,DIAGNOSTIK,31143400.901
2023-01,FARMASI,48024351.0
2023-01,IMUNISASI,4517365.757
2023-01,LABORATORIUM,12505052.0
2023-01,NEONATAL,1350000.0
2023-01,OBGYN,7829366.486
2023-01,OPERASIONAL_RS,52535412.032
2023-01,PANDEMI_COVID,11144185.586
2023-01,PERAWATAN_LUKA,28047423.784
2023-01,RESPIRATORIUM,201760011.807
2023-01,SPUIT_INJEKSI,126370179.302
2023-01,STERILISASI_CSSD,32063106.514
2023-01,UROLOGI,22405188.243
2023-02,APD_HIGIENE,33692000.0
2023-02,BEDAH_OK,212000762.998
2023-02,CAPITAL_EQUIP,2755000.0
2023-02,DBD,227336506.227
2023-02,DIAGNOSTIK,22734500.0
2023-02,FARMASI,4940563.694
2023-02,IMUNISASI,5444200.0
2023-02,OPERASIONAL_RS,32055454.955
2023-02,PANDEMI_COVID,9642172.973000001
2023-02,PERAWATAN_LUKA,119039672.999
2023-02,RESPIRATORIUM,215418307.438
2023-02,SPUIT_INJEKSI,153741469.93
2023-02,STERILISASI_CSSD,7647000.0
2023-02,UROLOGI,35810740.0
2023-03,APD_HIGIENE,85072729.91
2023-03,BEDAH_OK,429948847.4
2023-03,CAPITAL_EQUIP,1800000.0
2023-03,DBD,340512243.373
2023-03,DIAGNOSTIK,54118549.55
2023-03,FARMASI,30537034.34
2023-03,IMUNISASI,24166000.0
2023-03,LABORATORIUM,7995000.0
2023-03,NEONATAL,11732000.0
2023-03,OPERASIONAL_RS,45047480.0
2023-03,PANDEMI_COVID,8942557.658
2023-03,PERAWATAN_LUKA,58138776.897
2023-03,RESPIRATORIUM,259286954.413
2023-03,SPUIT_INJEKSI,208286378.697
2023-03,STERILISASI_CSSD,16350686.0
2023-03,UROLOGI,52032556.937
2023-04,APD_HIGIENE,149443877.122
2023-04,BEDAH_OK,267606800.24400002
2023-04,DBD,248982419.033
2023-04,DIAGNOSTIK,101699945.0
2023-04,FARMASI,2220500.0
2023-04,IMUNISASI,1821756.757
2023-04,NEONATAL,1234100.0
2023-04,OBGYN,9722000.0
2023-04,OPERASIONAL_RS,18340640.541
2023-04,PANDEMI_COVID,9680180.18
2023-04,PERAWATAN_LUKA,47270165.046000004
2023-04,RESPIRATORIUM,128200908.082
2023-04,SPUIT_INJEKSI,122186389.80399999
2023-04,STERILISASI_CSSD,11121657.627
2023-04,UROLOGI,16725868.126
2023-05,APD_HIGIENE,100229425.0
2023-05,BEDAH_OK,156212265.789
2023-05,CAPITAL_EQUIP,42748700.0
2023-05,DBD,270784550.27
2023-05,DIAGNOSTIK,117876993.693
2023-05,FARMASI,33282671.622
2023-05,LABORATORIUM,12239460.901
2023-05,OBGYN,13560000.0
2023-05,OPERASIONAL_RS,80983829.0
2023-05,PANDEMI_COVID,19710100.0
2023-05,PERAWATAN_LUKA,76923351.145
2023-05,RESPIRATORIUM,225627355.372
2023-05,SPUIT_INJEKSI,275221005.779
2023-05,STERILISASI_CSSD,28169954.775
2023-05,UROLOGI,43119672.07
2023-06,APD_HIGIENE,149389785.375
2023-06,BEDAH_OK,389361967.865
2023-06,DBD,549334624.017
2023-06,DIAGNOSTIK,44587220.0
2023-06,FARMASI,29139535.21
2023-06,IMUNISASI,5778500.0
2023-06,LABORATORIUM,4572000.0
2023-06,OBGYN,4392000.0
2023-06,OPERASIONAL_RS,87525055.0
2023-06,PANDEMI_COVID,210751932.007
2023-06,PERAWATAN_LUKA,47039582.658
2023-06,RESPIRATORIUM,162696881.299
2023-06,SPUIT_INJEKSI,261666109.78399998
2023-06,STERILISASI_CSSD,42788027.027
2023-06,UROLOGI,33153137.838
2023-07,APD_HIGIENE,161477420.537
2023-07,BEDAH_OK,305060344.842
2023-07,DBD,313836721.357
2023-07,DIAGNOSTIK,78455912.58
2023-07,FARMASI,24361937.387000002
2023-07,LABORATORIUM,16224000.0
2023-07,OBGYN,7137000.0
2023-07,OPERASIONAL_RS,115138018.289
2023-07,PANDEMI_COVID,12354909.909
2023-07,PERAWATAN_LUKA,67162466.892
2023-07,RESPIRATORIUM,265184379.35
2023-07,SPUIT_INJEKSI,516871955.64900005
2023-07,STERILISASI_CSSD,15834775.675999999
2023-07,UROLOGI,56879760.631
2023-08,APD_HIGIENE,185895555.86
2023-08,BEDAH_OK,307399280.805
2023-08,CAPITAL_EQUIP,20750000.0
2023-08,DBD,423746039.30799997
2023-08,DIAGNOSTIK,104179352.182
2023-08,FARMASI,27998070.0
2023-08,IMUNISASI,4858900.0
2023-08,LABORATORIUM,6202276.0
2023-08,NEONATAL,14395100.0
2023-08,OBGYN,8952000.0
2023-08,OPERASIONAL_RS,70255414.324
2023-08,PANDEMI_COVID,16007456.887
2023-08,PERAWATAN_LUKA,220386719.76099998
2023-08,RESPIRATORIUM,260517513.535
2023-08,SPUIT_INJEKSI,165443296.088
2023-08,STERILISASI_CSSD,22561595.73
2023-08,UROLOGI,33710572.97
2023-09,APD_HIGIENE,99680180.342
2023-09,BEDAH_OK,283617922.938
2023-09,DBD,287343752.408
2023-09,DIAGNOSTIK,53982273.6
2023-09,FARMASI,15054800.0
2023-09,IMUNISASI,2472972.973
2023-09,OBGYN,1835000.0
2023-09,OPERASIONAL_RS,49011222.4
2023-09,PANDEMI_COVID,15073621.351
2023-09,PERAWATAN_LUKA,79377371.532
2023-09,RESPIRATORIUM,144947013.31
2023-09,SPUIT_INJEKSI,134732646.411
2023-09,STERILISASI_CSSD,22899245.946000002
2023-09,UROLOGI,36237142.18
2023-10,APD_HIGIENE,135024034.498
2023-10,BEDAH_OK,224269250.067
2023-10,CAPITAL_EQUIP,9826200.0
2023-10,DBD,531347634.69200003
2023-10,DIAGNOSTIK,79138815.472
2023-10,FARMASI,19003960.0
2023-10,IMUNISASI,46828843.78
2023-10,LABORATORIUM,10444000.0
2023-10,NEONATAL,3867899.676
2023-10,OPERASIONAL_RS,61915914.559
2023-10,PANDEMI_COVID,8098594.595
2023-10,PERAWATAN_LUKA,81879996.054
2023-10,RESPIRATORIUM,164990060.078
2023-10,SPUIT_INJEKSI,82943732.321
2023-10,STERILISASI_CSSD,54061902.703
2023-10,UROLOGI,49075962.626
2023-11,APD_HIGIENE,192529711.28
2023-11,BEDAH_OK,445171561.45
2023-11,CAPITAL_EQUIP,442305202.7
2023-11,DBD,369440319.647
2023-11,DIAGNOSTIK,146906842.838
2023-11,FARMASI,23113188.324
2023-11,LABORATORIUM,32779500.0
2023-11,NEONATAL,6000000.0
2023-11,OBGYN,6750000.0
2023-11,OPERASIONAL_RS,84294321.73
2023-11,PANDEMI_COVID,9646193.694
2023-11,PERAWATAN_LUKA,105346591.027
2023-11,RESPIRATORIUM,265616732.261
2023-11,SPUIT_INJEKSI,527026630.92
2023-11,STERILISASI_CSSD,39035924.0
2023-11,UROLOGI,33418568.919
2023-12,APD_HIGIENE,99646245.495
2023-12,BEDAH_OK,202880035.586
2023-12,CAPITAL_EQUIP,48706126.13
2023-12,DBD,248642845.86699998
2023-12,DIAGNOSTIK,36623165.455
2023-12,FARMASI,11529162.162
2023-12,IMUNISASI,907000.0
2023-12,LABORATORIUM,12860250.0
2023-12,OPERASIONAL_RS,88326737.91
2023-12,PANDEMI_COVID,9704600.0
2023-12,PERAWATAN_LUKA,9683657.982
2023-12,RESPIRATORIUM,257217864.751
2023-12,SPUIT_INJEKSI,103993412.456
2023-12,STERILISASI_CSSD,58875100.0
2023-12,UROLOGI,14248606.0
2024-01,APD_HIGIENE,72593937.01099999
2024-01,BEDAH_OK,224196041.61699998
2024-01,CAPITAL_EQUIP,6958800.0
2024-01,DBD,445836712.667
2024-01,DIAGNOSTIK,114460470.151
2024-01,FARMASI,22700904.0
2024-01,LABORATORIUM,7729747.2
2024-01,OBGYN,3360000.0
2024-01,OPERASIONAL_RS,42262690.45
2024-01,PANDEMI_COVID,8090885.9
2024-01,PERAWATAN_LUKA,109125741.59
2024-01,RESPIRATORIUM,150114510.561
2024-01,SPUIT_INJEKSI,329126818.677
2024-01,STERILISASI_CSSD,25372276.0
2024-01,UROLOGI,6456076.865
2024-02,APD_HIGIENE,180379377.536
2024-02,BEDAH_OK,275511663.496
2024-02,DBD,280331361.616
2024-02,DIAGNOSTIK,140432202.691
2024-02,FARMASI,15487121.11
2024-02,IMUNISASI,10353512.865
2024-02,LABORATORIUM,1455000.0
2024-02,NEONATAL,30044500.0
2024-02,OBGYN,10670000.0
2024-02,OPERASIONAL_RS,60407641.84
2024-02,PANDEMI_COVID,4850600.0
2024-02,PERAWATAN_LUKA,78411654.737
2024-02,RESPIRATORIUM,115236842.01799999
2024-02,SPUIT_INJEKSI,226902558.45499998
2024-02,STERILISASI_CSSD,56454660.0
2024-02,UROLOGI,20417084.234
2024-03,APD_HIGIENE,32050521.0
2024-03,BEDAH_OK,260782091.739
2024-03,DBD,253892824.695
2024-03,DIAGNOSTIK,57933024.769999996
2024-03,FARMASI,11442320.0
2024-03,IMUNISASI,33932567.566
2024-03,LABORATORIUM,2101240.0
2024-03,OBGYN,2196000.0
2024-03,OPERASIONAL_RS,99238406.51
2024-03,PANDEMI_COVID,66006159.455
2024-03,PERAWATAN_LUKA,17007990.630999997
2024-03,RESPIRATORIUM,209615618.321
2024-03,SPUIT_INJEKSI,324816915.95
2024-03,STERILISASI_CSSD,13250000.0
2024-03,UROLOGI,64354980.901
2024-04,APD_HIGIENE,74921560.0
2024-04,BEDAH_OK,154931416.535
2024-04,DBD,116076961.26099999
2024-04,DIAGNOSTIK,50981266.497
2024-04,FARMASI,15807020.0
2024-04,IMUNISASI,4575000.0
2024-04,NEONATAL,7177500.0
2024-04,OPERASIONAL_RS,25940525.0
2024-04,PANDEMI_COVID,17869680.18
2024-04,PERAWATAN_LUKA,28450746.36
2024-04,RESPIRATORIUM,131939623.045
2024-04,SPUIT_INJEKSI,48309124.775
2024-04,STERILISASI_CSSD,28395600.0
2024-04,UROLOGI,8145517.748
2024-05,APD_HIGIENE,84207450.451
2024-05,BEDAH_OK,193213482.715
2024-05,DBD,275271009.457
2024-05,DIAGNOSTIK,46166548.121
2024-05,FARMASI,14740300.0
2024-05,IMUNISASI,3462162.162
2024-05,LABORATORIUM,3944757.6
2024-05,NEONATAL,5500000.0
2024-05,OPERASIONAL_RS,20748386.486
2024-05,PANDEMI_COVID,9155000.0
2024-05,PERAWATAN_LUKA,32295429.73
2024-05,RESPIRATORIUM,117987739.458
2024-05,SPUIT_INJEKSI,139839819.904
2024-05,STERILISASI_CSSD,27254200.0
2024-05,UROLOGI,41523868.667
2024-06,APD_HIGIENE,67830056.48
2024-06,BEDAH_OK,195978679.608
2024-06,DBD,163149748.136
2024-06,DIAGNOSTIK,129537261.261
2024-06,FARMASI,10574300.0
2024-06,IMUNISASI,15205000.0
2024-06,LABORATORIUM,7145931.2
2024-06,NEONATAL,7419524.0
2024-06,OBGYN,1998300.0
2024-06,OPERASIONAL_RS,63215511.482999995
2024-06,PANDEMI_COVID,9785660.0
2024-06,PERAWATAN_LUKA,31124375.315
2024-06,RESPIRATORIUM,44858840.0
2024-06,SPUIT_INJEKSI,218519305.227
2024-06,STERILISASI_CSSD,20602270.0
2024-06,UROLOGI,8580861.262
2024-07,APD_HIGIENE,137985107.601
2024-07,BEDAH_OK,294342789.952
2024-07,DBD,195048882.382
2024-07,DIAGNOSTIK,59576312.523
2024-07,FARMASI,46569627.2
2024-07,IMUNISASI,13035914.415
2024-07,LABORATORIUM,5032500.0
2024-07,NEONATAL,4145585.586
2024-07,OPERASIONAL_RS,192579065.021
2024-07,PANDEMI_COVID,15151237.838
2024-07,PERAWATAN_LUKA,11760298.0
2024-07,RESPIRATORIUM,111775219.82
2024-07,SPUIT_INJEKSI,298971559.708
2024-07,STERILISASI_CSSD,54060804.55
2024-07,UROLOGI,58039124.9
2024-08,APD_HIGIENE,150888845.042
2024-08,BEDAH_OK,232432746.211
2024-08,DBD,246772415.009
2024-08,DIAGNOSTIK,20833618.018
2024-08,FARMASI,47926083.333
2024-08,IMUNISASI,21343287.139
2024-08,LABORATORIUM,9423457.6
2024-08,NEONATAL,2715000.0
2024-08,OBGYN,8222440.0
2024-08,OPERASIONAL_RS,64864398.621
2024-08,PANDEMI_COVID,17187915.314999998
2024-08,PERAWATAN_LUKA,102984055.0
2024-08,RESPIRATORIUM,191934940.89000002
2024-08,SPUIT_INJEKSI,375212179.946
2024-08,STERILISASI_CSSD,15412450.6
2024-08,UROLOGI,65378318.301
2024-09,APD_HIGIENE,31008644.684
2024-09,BEDAH_OK,239070744.339
2024-09,DBD,160309552.072
2024-09,DIAGNOSTIK,32919175.0
2024-09,FARMASI,13171300.0
2024-09,IMUNISASI,1087000.0
2024-09,LABORATORIUM,1900000.0
2024-09,NEONATAL,16027024.326000001
2024-09,OBGYN,6333960.0
2024-09,OPERASIONAL_RS,66892455.495000005
2024-09,PANDEMI_COVID,116137445.042
2024-09,PERAWATAN_LUKA,39987395.0
2024-09,RESPIRATORIUM,101457257.483
2024-09,SPUIT_INJEKSI,167493528.266
2024-09,STERILISASI_CSSD,12037760.0
2024-09,UROLOGI,51056817.94
2024-10,APD_HIGIENE,76805116.216
2024-10,BEDAH_OK,279963021.636
2024-10,CAPITAL_EQUIP,12294000.0
2024-10,DBD,283321632.828
2024-10,DIAGNOSTIK,28987250.054
2024-10,FARMASI,89482010.0
2024-10,IMUNISASI,2142342.342
2024-10,OBGYN,15742771.171
2024-10,OPERASIONAL_RS,65177780.0
2024-10,PANDEMI_COVID,22140471.17
2024-10,PERAWATAN_LUKA,45468159.459
2024-10,RESPIRATORIUM,176722686.34600002
2024-10,SPUIT_INJEKSI,210193056.892
2024-10,STERILISASI_CSSD,25679083.782
2024-10,UROLOGI,62674656.497999996
2024-11,APD_HIGIENE,70926468.919
2024-11,BEDAH_OK,244523845.201
2024-11,DBD,137057941.348
2024-11,DIAGNOSTIK,55778328.486
2024-11,FARMASI,48129370.8
2024-11,IMUNISASI,1830000.0
2024-11,NEONATAL,1100000.0
2024-11,OBGYN,16122536.936999999
2024-11,OPERASIONAL_RS,61055332.054000005
2024-11,PANDEMI_COVID,10853900.0
2024-11,PERAWATAN_LUKA,24979020.0
2024-11,RESPIRATORIUM,209395641.449
2024-11,SPUIT_INJEKSI,70045081.953
2024-11,STERILISASI_CSSD,23962252.2
2024-11,UROLOGI,31889628.831
2024-12,APD_HIGIENE,292805338.764
2024-12,BEDAH_OK,117161584.26099999
2024-12,DBD,166596114.027
2024-12,DIAGNOSTIK,108827988.631
2024-12,FARMASI,36164046.666999996
2024-12,IMUNISASI,536036.036
2024-12,NEONATAL,3345675.676
2024-12,OBGYN,7405405.406
2024-12,OPERASIONAL_RS,79796453.151
2024-12,PANDEMI_COVID,1258400.0
2024-12,PERAWATAN_LUKA,93213801.552
2024-12,RESPIRATORIUM,150740732.907
2024-12,SPUIT_INJEKSI,80802099.41600001
2024-12,STERILISASI_CSSD,38785171.8
2024-12,UROLOGI,30492165.315
2025-01,APD_HIGIENE,47895807.136
2025-01,BEDAH_OK,359421187.22
2025-01,DBD,149022333.892
2025-01,DIAGNOSTIK,45976303.077
2025-01,FARMASI,20538860.0
2025-01,IMUNISASI,1795247.75
2025-01,OBGYN,25952836.396
2025-01,OPERASIONAL_RS,62871745.76
2025-01,PANDEMI_COVID,19472837.345
2025-01,PERAWATAN_LUKA,23308377.25
2025-01,RESPIRATORIUM,77019920.182
2025-01,SPUIT_INJEKSI,58053636.063
2025-01,STERILISASI_CSSD,40129919.6
2025-01,UROLOGI,10016700.0
2025-02,APD_HIGIENE,43342959.97
2025-02,BEDAH_OK,194902423.702
2025-02,DBD,323751001.022
2025-02,DIAGNOSTIK,33445760.631
2025-02,FARMASI,33556530.0
2025-02,IMUNISASI,32491353.6
2025-02,NEONATAL,3939000.0
2025-02,OBGYN,29236180.057
2025-02,OPERASIONAL_RS,145076979.259
2025-02,PANDEMI_COVID,12931525.0
2025-02,PERAWATAN_LUKA,15008688.0
2025-02,RESPIRATORIUM,131030693.851
2025-02,SPUIT_INJEKSI,110077568.224
2025-02,STERILISASI_CSSD,99673202.741
2025-02,UROLOGI,60224141.742
2025-03,APD_HIGIENE,34704440.0
2025-03,BEDAH_OK,153552254.171
2025-03,DBD,293909992.094
2025-03,DIAGNOSTIK,71158879.086
2025-03,FARMASI,5334400.0
2025-03,IMUNISASI,2491243.243
2025-03,LABORATORIUM,3671486.4
2025-03,NEONATAL,11824645.0
2025-03,OBGYN,27343148.525
2025-03,OPERASIONAL_RS,106088579.865
2025-03,PANDEMI_COVID,6347095.495
2025-03,PERAWATAN_LUKA,28545468.088
2025-03,RESPIRATORIUM,104629974.84
2025-03,SPUIT_INJEKSI,187314837.104
2025-03,STERILISASI_CSSD,38564211.2
2025-03,UROLOGI,28736440.631
2025-04,APD_HIGIENE,30701833.36
2025-04,BEDAH_OK,158120853.835
2025-04,DBD,255014700.501
2025-04,DIAGNOSTIK,25740427.0
2025-04,FARMASI,15868663.964
2025-04,IMUNISASI,8723850.0
2025-04,NEONATAL,3818560.0
2025-04,OBGYN,3510000.0
2025-04,OPERASIONAL_RS,19252253.243
2025-04,PANDEMI_COVID,5768400.0
2025-04,PERAWATAN_LUKA,6224959.459
2025-04,RESPIRATORIUM,103255989.692
2025-04,SPUIT_INJEKSI,162522752.64499998
2025-04,STERILISASI_CSSD,26052591.8
2025-04,UROLOGI,39118689.0
2025-05,APD_HIGIENE,26745600.0
2025-05,BEDAH_OK,230013175.65
2025-05,CAPITAL_EQUIP,4304000.0
2025-05,DBD,262694136.72100002
2025-05,DIAGNOSTIK,34952274.717
2025-05,FARMASI,13668480.0
2025-05,IMUNISASI,937000.0
2025-05,NEONATAL,39974819.82
2025-05,OBGYN,13966894.0
2025-05,OPERASIONAL_RS,50712606.793
2025-05,PANDEMI_COVID,7378700.0
2025-05,PERAWATAN_LUKA,7430266.0
2025-05,RESPIRATORIUM,170883699.83
2025-05,SPUIT_INJEKSI,75188840.485
2025-05,STERILISASI_CSSD,58595428.982
2025-05,UROLOGI,43985542.378
2025-06,APD_HIGIENE,13442315.2
2025-06,BEDAH_OK,153719327.192
2025-06,CAPITAL_EQUIP,1964000.0
2025-06,DBD,273723279.199
2025-06,DIAGNOSTIK,58017579.231
2025-06,FARMASI,3497555.3
2025-06,IMUNISASI,52609800.0
2025-06,OBGYN,5876260.0
2025-06,OPERASIONAL_RS,30497280.847
2025-06,PANDEMI_COVID,2803200.0
2025-06,PERAWATAN_LUKA,5991650.0
2025-06,RESPIRATORIUM,60909324.71
2025-06,SPUIT_INJEKSI,88976031.752
2025-06,STERILISASI_CSSD,32427011.6
2025-06,UROLOGI,32408620.6
2025-07,APD_HIGIENE,59252348.285000004
2025-07,BEDAH_OK,132697370.41
2025-07,CAPITAL_EQUIP,10435970.0
2025-07,DBD,156636762.0
2025-07,DIAGNOSTIK,60494941.715
2025-07,FARMASI,36431085.19
2025-07,IMUNISASI,7012297.297
2025-07,NEONATAL,2626000.0
2025-07,OBGYN,22064391.89
2025-07,OPERASIONAL_RS,51652404.0
2025-07,PANDEMI_COVID,12524970.0
2025-07,PERAWATAN_LUKA,14393250.0
2025-07,RESPIRATORIUM,98337755.568
2025-07,SPUIT_INJEKSI,164162011.763
2025-07,STERILISASI_CSSD,31459661.2
2025-07,UROLOGI,26254852.562
2025-08,APD_HIGIENE,74382816.016
2025-08,BEDAH_OK,148096658.31
2025-08,CAPITAL_EQUIP,4730932.5
2025-08,DBD,183988557.588
2025-08,DIAGNOSTIK,7006515.3149999995
2025-08,FARMASI,10037300.0
2025-08,NEONATAL,7350000.0
2025-08,OBGYN,32524005.78
2025-08,OPERASIONAL_RS,53140560.0
2025-08,PANDEMI_COVID,129143347.5
2025-08,PERAWATAN_LUKA,27634982.0
2025-08,RESPIRATORIUM,95023368.36
2025-08,SPUIT_INJEKSI,88043305.631
2025-08,STERILISASI_CSSD,27352681.009999998
2025-08,UROLOGI,28205372.883
2025-09,APD_HIGIENE,93447954.505
2025-09,BEDAH_OK,213020072.12600002
2025-09,DBD,201812721.74
2025-09,DIAGNOSTIK,96569361.232
2025-09,FARMASI,29496690.8
2025-09,IMUNISASI,15264800.0
2025-09,NEONATAL,2300000.0
2025-09,OBGYN,28695833.95
2025-09,OPERASIONAL_RS,51204447.15
2025-09,PANDEMI_COVID,5143330.631
2025-09,PERAWATAN_LUKA,23977913.2
2025-09,RESPIRATORIUM,93480979.459
2025-09,SPUIT_INJEKSI,83175473.35700001
2025-09,STERILISASI_CSSD,24221877.2
2025-09,UROLOGI,22420955.0
2025-10,APD_HIGIENE,141126879.82
2025-10,BEDAH_OK,129695045.94
2025-10,DBD,162595631.303
2025-10,DIAGNOSTIK,26740456.607
2025-10,FARMASI,19910583.259999998
2025-10,IMUNISASI,3764930.631
2025-10,NEONATAL,1596036.036
2025-10,OBGYN,33131627.15
2025-10,OPERASIONAL_RS,61256680.33
2025-10,PANDEMI_COVID,12250750.0
2025-10,PERAWATAN_LUKA,22428174.775
2025-10,RESPIRATORIUM,52650232.7
2025-10,SPUIT_INJEKSI,178048907.186
2025-10,STERILISASI_CSSD,23601411.799999997
2025-10,UROLOGI,31499470.0
