barang_nama,total,n,qty
Disposable Syringe,59366781190.909,1620,11459530
Endotracheal Tube,21159942880.637,1309,34409
IV Cannula,13224149471.514,737,253488
Suction Catheter,12464402916.051,956,101791
Infusion Set,11398018602.268,656,365255
MF Cath Pro,10140426013.305,381,310095
Guedel Airway,9515732503.527,808,31630
2 Way Foley Catherer,9350764376.636,972,86893
Handscoon Non Steril,9152312335.128,177,30767
Laryngeal Mask Airway,8201805403.503,498,7834
Handscoon non sterile,8173047139.977,138,13665
Masker,7846846474.912,408,50086
2 Way Foley Catheter,7717436841.419,497,59374
IV Catheter ,7546172544.84,308,304164
Mask Nebulizer,7281399263.614,664,75365
Stomach Tube,6190056660.881,275,13102
Oxygen Mask Non Rebreathing,6046776286.868,595,57612
Assucryl 1,6028086777.734,600,29675
Nasal Oxygen Cannula,5729709281.585,432,60128
Assucryl 3/0,5515358240.5,462,20581
Handscoon Gynecology,5418146519.785,58,14656
Blood Transfusion Set,5333325016.858,453,155751
Latex Steril Surgical Glove,4640076806.257,98,53342
Masker N95,4553530430.0,53,14918
Spinocan,4253812313.349,224,21370
Paper Tape,4238134705.987,488,3219
Adhesive Wound Strip,4148803730.354,155,8023
Handscoon Sterile,4108489397.61,91,23545
Alcohol Swabs,3808109751.973,176,23496
Oxygen Nasal Cannula,3658005471.53,373,45649
Underpad,3593581465.568,144,52860
Nasal Cannula,3428307282.604,377,53953
Kassa ,3279374683.35,271,5396
3 Way Stop Cock,3239942467.474,272,76293
Feeding Tube,3178579430.75,279,8559
Surflo,3136778748.47,137,10824
High Elastic Bandage,3115316717.435,194,6021
Plain 2/0,3095572508.505,244,13392
Auto Destruct Syringe ,3092319324.577,24,909000
Silk 2/0,3045139314.107,332,10969
Urine Bag ,3008618973.62,415,52821
Assucryl 2/0,2910383151.408,228,10886
Povidine,2889947769.272,237,4682
Handscoon Non Sterile ,2887882760.705,119,6315
ID Band,2840416043.362,290,1641
Mess,2813849240.426,303,808
Breathing Circuit,2798612807.973,298,7830
Alkohol ,2767403387.628,155,6471
Equispon Standard,2757279215.149,508,11363
Chromic 2/0,2521801161.884,193,7571
Kassa Steril,2461262832.588,218,41664
Surgical Face Mask,2433197324.06,46,4990
Latex Powdered Gammex,2325881588.19,39,482
HMEF ,2316207654.326,224,8392
Apron ,2274951802.241,264,3652
KIT 3A,2230751364.4,32,7353
Kapsul Kosong,2226274058.215,184,2551
Infusion set,2205150646.96,154,36711
Electrode,2165284953.694,320,5649
Latex Steril Surgical Gloves,2161550317.403,128,49020
Rapid Tes,2086050026.0,10,5230
Endotracheal Tube ,1908075602.785,93,1363
Transparent Film Dresing,1866252762.728,126,1059
Surgical Conecting Tube,1811862207.712,266,22104
Electro Surgical Pencil,1783569843.246,163,6615
USG Paper,1783077031.492,216,1741
Film Island Dresing,1761520091.6299999,104,646
Spalak,1727643519.496,221,10566
Polypropylene 3/0,1704224809.822,151,5364
Silk 3/0,1680137204.434,217,6228
Apron,1670783368.83,151,7585
IV Catheter,1670028588.047,45,38397
Oxygen Mask Non Rebrithing,1654671952.059,123,9846
Handscoon non steril ,1550111809.82,66,4586
Oxygen Mask ,1531154919.568,111,13685
IV Catheter Non Injection,1523003608.69,22,53950
Vaseline Swab,1474011658.094,145,1961
Kacamata ,1443948000.0,8,1469
Umbilical Cord Klem,1423447221.341,133,572
ECG RED ROLL,1303510060.539,230,2251
Needle Agani,1288098603.938,87,643
Strip,1274708646.53,47,1622
Surgical Face Mask ,1262714794.382,34,6342
Fuji Film DIHL,1261458185.072,50,221
Face Mask,1212333719.835,22,8595
Polypropylene 2/0,1182570478.572,94,3144
Pot Urine,1155682578.9819999,235,67401
Blood Lancet,1154510781.61,78,1732
Oxygen Mask,1131010338.535,45,14415
Assucryl 4/0,1129771122.693,91,2556
Extention Tube ,1117548138.379,48,2875
Chromic 3/0,1110793615.481,105,3948
Gypsona,1095538414.65,38,893
Film  DIHL,1075158511.933,65,189
Safety Box,1067066988.263,86,11855
Ultrasound Gell,1050195762.067,99,6295
Polypropylene 4/0,1013529070.88,77,2724
Silk 1,1008076417.878,116,3600
Finger,963884205.07,80,2403
Oxygen Mask Rebreathing,947570154.219,22,16757
Pouches Gussete,924524940.539,47,170
Bouffant,910066609.177,114,1030
ECG Red Roll,904003821.438,108,136618
Gauze Swab,892186976.935,74,13385
Handscoon non steril,891412272.77,34,1402
Hazmat Protective With Cover Shoes,884277500.0,5,2500
Kasa Hidrofil ,882503416.446,30,11095
Chromic 1,872143617.093,58,2784
Finger Bandage,871719367.052,91,1368
Baju APD,847410909.1600001,9,1547
Spalak ,837247959.052,111,4996
Syringe,834207238.89,100,916
2 Way Folley Catheter ,751463602.454,39,16330
Nebulizer Mask ,723887542.969,84,8456
Safety Box--5L ,710950536.54,13,2796
CVC Triple Lumen,710909909.811,58,355
Coverall,703655000.0,20,3611
Kassa Hidrofil,701832369.982,13,20314
Plain 3/0 ,688103466.65,53,2364
Assucryl 5/0,677371516.401,33,1020
Alkohol,669315537.238,54,1395
Alcohol  Swabs,665147499.101,29,6230
Modified Jeckson ,659018523.462,44,254
IV Catheter With Injetion,648895775.596,38,9950
Silk 0,644765438.021,59,1668
Visor,643726180.0,6,790
Catrheter Mount Expandable ,643396030.539,82,3106
Pouches Flat,634097783.421,33,80
Urine Bag,619246824.925,56,6922
Masker ,617697237.934,43,57658
Elektroda,617145488.641,65,5128
Surgical Conecting,615264189.64,103,8851
Spike,602702438.456,49,7370
Disposable Adult Grounding PAD,601433747.068,68,2485
IV Catheter Injection Port With Wing,591497751.114,51,12250
3 Way Foley Catherer,574984119.117,89,1507
Laminaria,573423701.308,44,646
Transparent IV Dresing,570237715.887,65,401
3 Way Foley Catheter,568215809.52,102,1477
Kasa Hidrofil,558739662.811,39,17030
Soffban ,558599298.39,26,693
Alkohol 95%,556041243.665,11,1186
Blood Transfusion Set Airvent Type Y,554480653.84,42,20600
Sepatu,551795363.64,6,305
Nihon Kohden,545615652.71,44,567
IV Canula With Injection,542859536.61,35,2679
Nebulizer,534705323.015,47,6995
Film DIHL,526246455.054,32,101
ECG Paper / Fukuda,508608888.548,79,1273
Kit 3C ,501902568.0,7,1177
Zinc Oxide Adhesive Plaster,499785203.94299996,27,971
Syringe ,497252623.958,70,1414
Stethoscope,495155780.377,21,54
Xylocaine ,489951685.25,15,1080
Mask Anaesthesia,483635900.699,31,382
Polypropylene 5/0,476948498.6,45,1092
ECG Red Roll CSO,462191145.182,23,209
Arm Sling Comfort,460731455.8,39,441
H2O2,457127951.12,34,284
Silk 4/0,446500467.143,70,1464
Virus Sampling Tuibe,445340800.0,6,29
Filaprop Mesh,445021497.379,42,517
Povidine ,441628673.7,26,6605
Handscoon Non Steril ,437720961.201,54,3028
Rapit Tes ,429279238.2,54,443
Plastik Obat,428612429.0,16,1115
Pouches Sterilization Gussete,423670792.0,35,104
Urine Bag Premium,423489261.76,69,9030
Litmus Paper,422954156.808,10,277
Plain 0,421713193.524,89,2100
Needle Hecting,418938703.0,8,89
Polypropylene 1,417632306.4,39,1224
Chlorhexidine,412369563.34,20,1190
Shoe Cover,409878616.972,49,62854
Assucryl 6/0 ,403974255.2,10,480
CVC Double Lumen ,403599369.4,16,70
Handscoon sterile,401049216.341,17,1131
Arm Sling ,394619065.43,45,451
Blood Tranfusion Set Type Y,379516263.809,44,8728
First Care Alkohol ,378732964.63699996,12,978
Thoracic Cathetew With Trocar,378655071.744,58,264
Guedel Airway ,377871755.54399997,41,466
Pouches Sterilization Gussete ,375288159.01,16,118
Handscoon Non Sterile,369366336.717,33,1475
Coverall ,354156636.36,5,2131
Plastik Asoy,350022524.0,12,1760
Thermal Blank,346057768.77,96,1389
Transofix,345453134.09000003,31,6750
Paket SC,340200745.957,27,901
Pencil Cauter,338581220.595,29,1655
ECG RED ROLL 50x30x16mm,337975497.661,36,820
Pot Urine ,336840860.828,49,18140
Equiwax,335222181.447,51,1271
Surfloo,327588027.024,13,1315
Intubating Stylet,327382562.686,5,460
Nurse Cap - ,324081057.0,30,1143
N95 Mask ,322853755.836,18,6800
Transparent Wound Dresing ,319085729.918,24,111
Neonatal Nasal Ventilation Double Tube 8Fr,318586268.669,56,192
Long Sleeve,316618931.82,32,619
Plain 4/0,313945127.037,19,708
Sofnolime,313210231.762,53,100
Kassa Gulung ,312617151.421,33,20747
Masker KN95,308879213.904,19,4700
Tiang Infus,306383570.916,9,137
Chromic 0,305925874.36,29,708
Laryngeal Mask Airway ,304645004.21099997,11,52
Vaselin Swab ,304515097.21,31,383
Wing Needle,303926985.5,20,4000
Assucryl 0,303282110.668,24,744
Polypropylene 5/0 ,299099041.12,23,708
Strip Accu-Chek ,293894100.0,21,518
Pouches Sterilization Flat,293472957.28,88,100
Nitril Powder Free Exam Glove,293420000.0,9,600
Mask Nebulize,291940500.459,55,3330
Surgical ,290358115.0,14,2865
Biocide,286343139.09,37,61
Strip Glucose Auto,285601433.83,24,398
Hellige Marquette,284071084.0,31,694
Umbilical Cord Clamp,281329257.897,27,154
Alcohol  Swabs ,279606793.096,22,6323
Single Use Bonnet,278779076.72,7,37
Fingertip Pluse ,273877360.915,13,66
Chromic 2,273872027.737,30,948
Minor ,269021730.0,8,25
Polypropylene 0,268856888.4,19,864
Cathejell,266053785.12,15,1265
Neonatal Nasal Ventilation Double Tube 10Fr,265586228.979,55,194
Assucryl 6/0,265412698.653,26,732
Ultrasound Gel,263392462.32099998,38,255
Electro Surgical ,259490236.857,26,1272
Alkohol Swab ,252515079.705,36,1254
Strip Accu Chek,245838185.97,14,185
FILM DI-HL ,240749297.265,23,38
FILM SHR-U,239456750.0,37,72
Kacamata Face Shield,238724478.72,10,2941
Assucryl,235390738.98,39,864
Modiefied Jeckson Reeves Circuit,233078559.0,19,73
JVA Tech Modified Jackson Rees,232676458.774,24,151
Plastik Asoy ,232355861.0,11,1005
Fuji IX GP 1-1,227853521.0,18,91
Extention Tube,222448240.84,16,884
Ambu Bag,221832254.56,6,28
Mask Anaesthesia ,219367845.818,23,105
IV Catheter Pen ,217018816.718,30,8250
Pouches Flat Reels,215369326.18,28,49
Virusolve,214652034.75,29,85
Underpad ,212547564.406,19,275
IV Catheter With Injetion ,212231649.74,12,2400
Torniquette,209897523.65,7,63
Plastik Obat ,207766216.0,8,359
Wing Infusion ,205313330.22,12,2430
ID Band Blue Adult,204760616.105,43,428
Crutch Tongkat Ketiak,204429579.435,48,208
2 Way Folley Catheter,200205988.271,20,1860
Stethoscope Classic II,197655867.28,8,16
Leukotape K ,194602725.95,8,52
Plester Bulat,194445976.865,15,199
handsanitaizer,193943982.18,16,508
Asoy,191825800.0,7,930
Shoes Cover,190887838.0,11,30200
Surgical Hat ,188584584.44099998,13,280
ECG RED ROLL 50x30,187281884.231,11,257
ID Band Red Adult,185237667.845,41,65
Tensimeter ,185203750.0,7,11
Polypropylene 6/0,184720678.8,14,336
LMA SU,183461000.0,5,57
Ultrafix 15x5,182383480.0,15,526
MOB CAP,177406717.49,25,14165
SHR-U ,176592700.0,16,58
Gussetted Reels,176261149.0,8,34
ECG Paper,174407243.0,13,150
Pouches Sterilization Flat ,173756275.51,37,47
 ID Band Pink Adult,171172987.183,41,477
Condom,168499505.006,11,51
Syiringe ,167256673.391,17,1093
Nebulizer ,166907654.96,8,1900
KIT,165844400.0,5,509
Latex Steril Surgical Glove ,165573341.61,7,56
Surgical Gown,164602033.60999998,6,360
Asam Sitrat,162257665.567,41,57
ID Band Yellow Adult,161862076.686,52,157
kapsul Kosong ,160567721.44,17,82
Paper Kenz,159708013.845,22,730
Needle Hecting GR,159343011.0,9,121
Trulene mesh,158934587.103,19,139
Extention tube,158330115.956,13,485
Tourniquette,158085942.54,17,138
Latex Examination Gloves,154683317.0,18,770
Lap Sponge ABD 45X45CM ,153770397.27,15,380
Thermometer ,153472836.0,10,30
 Kertas Puyer,153131357.838,16,219
Nurse Cap,151714619.461,14,567
Tounge Spatel,150483617.247,35,108
Kertas ECG,150087049.6,41,473
Chromic 4/0,150040838.0,12,240
MOBCAP,148552157.29,9,120
Closed Suction Catheter,148326408.378,23,251
Non Woven Medical Tape ,148165409.146,13,395
Hand Sanitizer ,146408990.446,34,1066
Ultra-Fine,145151059.9,9,71
Mess ,142795106.95,26,63
Silk 2,141940105.0,25,552
Bengkok,141889707.92000002,6,38
Yellow,141552000.0,6,64
Pouches Gusseted ,141476609.091,9,21
kassa steril,141337335.762,21,2001
Developer,140931905.196,28,59
Pinset Chirugis ,139936256.615,8,31
Asam Acetat 3%,137937428.22,7,18
Equicel ,135177390.927,29,485
Pouches tyvek ,135175867.33,5,14
USG Paper 110HG,133282983.177,29,226
Paket SC ,132294300.28,11,223
Soffban,132209763.84,10,145
Cressent / Microsurgery,130386134.0,8,69
Pouches Flat ,130107955.42,10,21
Colostomy Bag,129419527.631,23,426
Rectal Tube,129261269.939,43,469
Kapas Pembalut,128593217.389,9,508
Disposable Adult Monopolar Grounding PAD,128426354.515,29,492
kapas,128235158.581,17,122
ID Band Pink Child,127932615.687,21,134
EDTA K3 PET,126808546.0,20,266
Medicine Cup,126765804.356,109,380700
Caviton,125684693.0,12,65
Plain 1,123619368.852,13,444
"Clips 6/Cart,",122773530.0,18,145
Resuscitator,122147041.5,12,24
Electro Surgical,120995560.322,19,829
Polypropylene 6/0 ,117250938.0,7,180
Hand Wash,116907135.0,11,167
Pen Light,116121777.6,8,25
Universal Set,114500883.596,21,132
Surgical Skin ,111916866.0,10,96
Infusion set ,111092383.476,16,3300
Plasma Sterilization,109688805.162,9,74
Baki ,109421230.91,6,58
Tracheastomy Kit,107813270.0,8,16
Marquette,107266359.875,39,181
Cosmozyme Enzymatic Kleaner,104381534.0,11,14
Umbilical Cord Clam,103348746.66,13,41
EDTA K3,102889145.0,21,343
FIXER,102823412.028,15,36
Gusseted Reels ,102365545.946,31,34
Intrafix Safeset,102298493.0,6,1800
Hearing,101236492.273,21,141
ID Band Blue Child,100127928.63,26,156
ECG Paper ,99710568.06,10,265
Kantong mayat,99567644.4,22,375
Stomach Tube ,99258694.175,10,103
Gunting,99000473.874,8,28
Povidine 10%,97726668.0,21,1417
Urine Bags ,95223359.946,9,652
Ethylchloride,95167973.16,21,119
Needle,94833842.0,15,178
Plesterin Kain Elastis,94402890.96000001,10,151
Assucryl 2,93489965.13700001,13,287
Hypafix,93172927.33,6,155
Oxygen Tubing,91854852.95,13,440
ECG Paper Philips,90150432.5,20,55
Pinset Anatomi ,89875377.281,10,45
Gel & Clot Activator Tube Pet ,89632242.8,18,250
Dermafix,89151952.0,7,25
Mouthpiece,88851718.182,18,4500
Colostomy Bag ,87898159.027,10,67
Clot Activator Gel ,85189847.138,13,206
Eye Protectors,84652136.0,8,58
Mask Anaesthesa,84388752.793,10,90
 Pouches Flat Reels,84188533.62,5,8
Plastik Klip,83752684.98,6,260
Alat Pencukur,82938361.676,32,1182
Nylon10/0,82281701.746,16,204
Tongue Spatel ,82245750.0,13,51
Hearing Aid Wireless,81608718.0,9,41
Intubation Stylet,80786699.677,18,87
Antiseptic Hand Wash  Chlorhexidine,78346800.0,7,251
Handsaplast,78141742.246,5,101
Alkohol Swab 2 Ply,77178281.0,5,300
Paper,76719828.0,7,12
Wing Infusion,76042824.32,5,270
Arm Sling,75616625.0,8,78
Face Mask ,73401963.65,8,404
Polypropylane 4/0,71565025.505,7,108
Termometer,71056160.0,12,56
Povidone ,70545605.164,13,240
Ring Pesarium,70262736.0,9,19
Neonatal Nasal Ventilation Double Tube 12Fr,69952000.0,5,57
Nanopass,69033591.96,6,42
Nihon Kohden ECG PA-9100Z,68192540.06,8,54
Print Paper For Plasma,67399870.0,5,44
Enzymatic,66779180.84,5,8
Duckbil Medical Mask ,65799600.0,8,85
Termometer Ruangan,65711602.0,8,81
Saliva Ejector ,65517775.0,5,16
Film SHR-U ,65388410.0,8,16
Indicator Tape For Steam,65084527.63,18,56
Kertas Puyer,64899296.4,16,172
Bistos,64874550.523,28,170
2 Way Foley Catherer ,64706828.086,11,140
Cervical Collar,64070536.0,7,25
IV Catheter Injection Port With Wing ,63327642.441,14,3000
Cesarean Set,63324850.0,14,91
Assucryl 3/0 ,62518481.4,7,276
Uterine Aspiration Curette ,62184155.577,13,67
Paket Sectio,61130801.555,19,441
Gunting ,60710780.0,6,23
Taunge Spatel,60652693.64,10,34
Objek Glass,60049617.47,9,59
HCG-Strip,59423703.664000005,15,51
Nitril Powder Free Exam Glove (AMG) S,58756590.91,7,145
assucryl 3/0 ,57145315.84,7,300
Hemodialysisn Catheter Double Lumen,56875296.47,5,32
Polypropylane,56477676.0,9,168
Soft Cervical Collar,56418160.0,16,49
Kapas ,56233923.730000004,11,60
Verban,54069095.0,11,4123
Fostryl 3-0 USP 76cm,52237386.489,5,120
Fostryl 1 USP,52237386.489,5,372
IV Cannula 14,52172396.43,5,748
Paper Zoll,52168989.738,10,90
Nierbeken,51781042.997,8,22
Klip JCI Fall Risk ,51435900.0,8,8565
Ureteral Stent  Set,49408632.641,10,74
Bionector,48080553.2,10,329
Botol  Plastik ,48010800.0,5,1050
Kapas,46234950.0,8,410
Baymed Plus,45131864.893999994,5,107
"Doubel Lumen Bronchal Tube Right-Sided, Slllc, Set",45113976.0,6,13
Silk 5/0,43877499.68,6,240
Kom,42954463.65,6,36
Trocar Catheter,42337390.09,17,75
Rectal Tube ,41924372.0,9,68
Intrasite Gel Applipak,41743000.0,8,160
Rivanol,40827397.6,5,49
Object Glass,40600150.0,7,26
Universal ,40321535.09,13,58
Sendok Obat,40290532.0,9,10000
Condom Catheter,40233550.0,5,50
Corometrics AAO,39512643.244,11,47
Adjustable Soft Cervical Collar,39434798.98,5,36
Filaprop Mesh ( 6x11),38831787.4,6,52
Strip Uji Asam Urat,38712760.0,6,34
Fixer,38267527.28,6,7
Ureteral Stent Set,37382395.32,5,40
Handscoon non steril M,36989149.89,5,188
Eeg Gel Ten20 ,36701520.0,12,33
Suction Conecting tube,36155600.0,6,250
Monitoring Indikator strip,33794670.6,11,15
Leukoplast 1625H,33550466.0,12,70
Strip Cholesterol Test,33125360.0,6,61
ID Band Pink Adult,32460201.196,10,86
Pouches Sterilization,31966631.08,5,7
Vacuum blood collection tube,30861618.0,6,32
MESS,30422634.0,6,13
Parafilm,29215600.0,9,109
Viruzyme,28864694.0,8,14
Wash Gloves 4s ,28863631.0,5,453
Single Blood Bag-,27911385.0,5,342
Calplus Intro Pack,27803835.0,6,37
2 Way Folley Catherer,26534381.982,5,200
ID Band Yellow Child,25689693.6,5,9
Tas Emergency,25336489.276,6,8
Hand Sanitizer Alcohol Based,25299520.0,8,293
Urine Bags,24496180.631,5,399
Breathing Circuit 1.8 Corrugated,24329323.0,8,60
 Endotracheal Tube,24220083.936,8,31
Regulator Oxygen ,23985800.0,5,39
Urine Bag 2L,20151660.0,5,1000
H2O2 3%,19969091.378,6,127
Surgical Hat,19509402.338,7,50
Female Catheter,19348120.0,10,260
Mitela,19085582.0,5,53
ID Band White,18751788.0,6,14
My Jelly,18549110.008,5,52
Steam Sterilization Chemical,16722470.0,7,11
Holder,15703100.0,6,266
Oxygen Regulator,14485454.546,5,50
Cytology Brushes,13830000.0,7,10
Tracheostomy Cuffed ,13325281.649,8,15
Tongue Spatel,11720527.177000001,8,13
Tracheostomy Cuffed,10491858.0,8,14
Electrosurgical Pad Cable 2Pin Socket,10216000.0,6,23
Cable Monopolar,9865054.053,6,62
Vidio Printer Paper ,8575000.0,5,29
Urine Collector,7060715.0,5,130
Schiller,6628000.0,8,33
Breathing Circuits,5865000.0,5,6
